City_ID,City,Country,Date,Lat,Lng,Max Temp,Humidity,Cloudiness,Wind Speed
0,East London,ZA,2021-12-22 06:33:39,-33.0153,27.9116,77.94,78,0,4.61
1,Khatanga,RU,2021-12-22 06:33:40,71.9667,102.5,-34.26,100,23,1.1
2,Felanitx,ES,2021-12-22 06:33:40,39.4696,3.1483,52.45,88,100,3.47
3,Sibolga,ID,2021-12-22 06:33:41,1.7427,98.7792,83.98,69,100,5.17
4,Punta Arenas,CL,2021-12-22 06:33:41,-53.15,-70.9167,50.11,76,40,23.02
5,Dunedin,NZ,2021-12-22 06:33:42,-45.8742,170.5036,56.8,91,98,1.01
6,Porbandar,IN,2021-12-22 06:33:42,21.6422,69.6093,76.98,50,100,4.61
7,Rikitea,PF,2021-12-22 06:33:43,-23.1203,-134.9692,76.64,81,100,13.71
8,Saldanha,ZA,2021-12-22 06:33:43,-33.0117,17.9442,68.05,78,61,7.61
9,Key West,US,2021-12-22 06:29:41,24.5557,-81.7826,75.2,72,20,13.8
10,Ushuaia,AR,2021-12-22 06:33:44,-54.8,-68.3,47.86,76,20,40.29
11,Bemidji,US,2021-12-22 06:33:44,47.4736,-94.8803,1.63,84,1,0.0
12,Hilo,US,2021-12-22 06:33:35,19.7297,-155.09,68.11,46,90,4.61
13,Kanniyakumari,IN,2021-12-22 06:30:15,8.0833,77.5667,82.98,60,91,14.92
14,Mataura,NZ,2021-12-22 06:33:45,-46.1927,168.8643,60.48,92,99,7.18
15,Limbang,MY,2021-12-22 06:33:45,4.75,115.0,87.91,64,71,6.04
16,Albany,US,2021-12-22 06:33:46,42.6001,-73.9662,35.55,78,98,1.01
17,Yakeshi,CN,2021-12-22 06:33:46,49.2833,120.7333,-16.76,97,47,1.88
18,Jalu,LY,2021-12-22 06:33:47,29.0331,21.5482,53.56,47,0,4.18
19,Krasnoselkup,RU,2021-12-22 06:33:47,65.7,82.4667,-1.37,94,100,17.67
20,Arraial Do Cabo,BR,2021-12-22 06:32:38,-22.9661,-42.0278,73.06,93,16,23.11
21,Kruisfontein,ZA,2021-12-22 06:33:47,-34.0033,24.7314,68.88,78,100,8.16
22,Shuangyang,CN,2021-12-22 06:33:48,43.5242,125.6736,6.76,59,69,5.7
23,Aklavik,CA,2021-12-22 06:33:48,68.2191,-135.0107,-4.97,84,100,11.45
24,La Asuncion,VE,2021-12-22 06:33:49,11.0333,-63.8628,78.53,94,55,9.22
25,Tasiilaq,GL,2021-12-22 06:33:49,65.6145,-37.6368,35.76,50,28,6.91
26,New Norfolk,AU,2021-12-22 06:33:49,-42.7826,147.0587,66.65,35,100,5.99
27,Karratha,AU,2021-12-22 06:33:50,-20.7377,116.8463,100.38,31,1,24.25
28,Puerto Ayora,EC,2021-12-22 06:33:50,-0.7393,-90.3518,69.55,93,71,1.01
29,Carnarvon,AU,2021-12-22 06:33:51,-24.8667,113.6333,80.67,61,0,20.71
30,Nanortalik,GL,2021-12-22 06:33:51,60.1432,-45.2371,41.58,71,100,22.95
31,Ust-Ilimsk,RU,2021-12-22 06:33:52,58.0006,102.6619,-18.54,92,8,1.92
32,Anadyr,RU,2021-12-22 06:33:52,64.75,177.4833,-7.01,69,0,5.99
33,Port Alfred,ZA,2021-12-22 06:33:53,-33.5906,26.891,75.11,76,100,7.34
34,Avarua,CK,2021-12-22 06:29:15,-21.2078,-159.775,78.85,73,40,9.22
35,Chokurdakh,RU,2021-12-22 06:33:53,70.6333,147.9167,-13.4,98,99,7.34
36,Clyde River,CA,2021-12-22 06:33:54,70.4692,-68.5914,8.83,85,100,34.52
37,San Cristobal,VE,2021-12-22 06:33:54,7.7669,-72.225,67.06,95,100,1.14
38,Husavik,IS,2021-12-22 06:33:54,66.0449,-17.3389,15.71,82,39,10.96
39,Benjamin Hill,MX,2021-12-22 06:33:55,30.1667,-111.1,61.63,25,100,6.22
40,Vaini,TO,2021-12-22 06:33:55,-21.2,-175.2,82.56,94,75,5.75
41,Camana,PE,2021-12-22 06:33:56,-16.6228,-72.7111,67.93,82,100,1.88
42,Xining,CN,2021-12-22 06:33:56,36.6167,101.7667,31.89,23,71,0.96
43,Nyurba,RU,2021-12-22 06:33:56,63.2842,118.3319,-41.73,98,100,2.98
44,Semey,KZ,2021-12-22 06:33:57,50.4111,80.2275,21.42,93,20,8.95
45,Mandiana,GN,2021-12-22 06:33:57,10.6333,-8.6833,66.11,22,11,5.26
46,Rawson,AR,2021-12-22 06:33:58,-43.3002,-65.1023,62.78,46,0,12.57
47,Jamestown,US,2021-12-22 06:33:58,42.097,-79.2353,36.99,72,90,8.99
48,Leshukonskoye,RU,2021-12-22 06:33:59,64.8989,45.7622,-16.13,99,68,3.02
49,Energeticheskiy,KZ,2021-12-22 06:33:59,43.4278,77.0222,37.96,70,75,2.24
50,Havre-Saint-Pierre,CA,2021-12-22 06:34:00,50.2334,-63.5986,10.99,78,1,10.36
51,Bluff,NZ,2021-12-22 06:34:00,-46.6,168.3333,60.8,72,91,27.27
52,Tiarei,PF,2021-12-22 06:34:01,-17.5333,-149.3333,75.22,79,98,12.28
53,Port Elizabeth,ZA,2021-12-22 06:34:01,-33.918,25.5701,71.1,88,40,16.11
54,Talnakh,RU,2021-12-22 06:34:02,69.4865,88.3972,-0.8,82,100,9.37
55,Kurganinsk,RU,2021-12-22 06:34:02,44.88,40.5986,22.35,79,88,16.98
56,Dikson,RU,2021-12-22 06:34:02,73.5069,80.5464,-10.39,78,100,12.21
57,Bethel,US,2021-12-22 06:34:03,41.3712,-73.414,41.65,88,90,0.0
58,Yellowknife,CA,2021-12-22 06:34:04,62.456,-114.3525,-22.45,90,90,0.0
59,Chuy,UY,2021-12-22 06:34:04,-33.6971,-53.4616,63.07,87,3,4.94
60,Hermanus,ZA,2021-12-22 06:34:04,-34.4187,19.2345,74.89,79,100,9.28
61,Mathathane,BW,2021-12-22 06:34:05,-22.2687,28.7495,77.76,59,100,9.46
62,Castro,BR,2021-12-22 06:34:05,-24.7911,-50.0119,64.06,81,68,2.33
63,Bredasdorp,ZA,2021-12-22 06:34:06,-34.5322,20.0403,68.29,72,100,7.54
64,Adrar,MR,2021-12-22 06:34:06,20.5022,-10.0711,64.31,30,100,9.95
65,Kodiak,US,2021-12-22 06:31:14,57.79,-152.4072,31.84,59,39,5.86
66,Coquimbo,CL,2021-12-22 06:34:07,-29.9533,-71.3436,59.74,92,88,2.37
67,Pevek,RU,2021-12-22 06:34:07,69.7008,170.3133,-16.31,100,100,4.5
68,Busselton,AU,2021-12-22 06:34:08,-33.65,115.3333,85.05,42,3,12.66
69,Grand Gaube,MU,2021-12-22 06:34:08,-20.0064,57.6608,81.37,78,53,11.01
70,Belaya Gora,RU,2021-12-22 06:34:08,68.5333,146.4167,-22.72,96,100,5.21
71,Cabo San Lucas,MX,2021-12-22 06:33:32,22.8909,-109.9124,70.52,75,86,5.95
72,Vostok,RU,2021-12-22 06:34:09,46.4856,135.8833,-9.87,99,100,2.75
73,Kuzhorskaya,RU,2021-12-22 06:34:09,44.6751,40.3103,21.81,86,100,14.2
74,Kapaa,US,2021-12-22 06:34:10,22.0752,-159.319,73.72,74,90,5.01
75,Cavalcante,BR,2021-12-22 06:34:10,-13.7975,-47.4583,66.9,96,29,2.3
76,Vila Velha,BR,2021-12-22 06:34:11,-20.3297,-40.2925,71.55,97,75,4.61
77,Potosi,BO,2021-12-22 06:34:11,-19.5836,-65.7531,45.41,85,100,3.78
78,Qaanaaq,GL,2021-12-22 06:34:11,77.484,-69.3632,24.08,65,9,8.19
79,Tiksi,RU,2021-12-22 06:34:12,71.6872,128.8694,-23.33,97,87,8.12
80,Atuona,PF,2021-12-22 06:34:12,-9.8,-139.0333,78.96,75,80,22.01
81,Mount Gambier,AU,2021-12-22 06:34:13,-37.8333,140.7667,67.91,49,40,14.97
82,Tynda,RU,2021-12-22 06:32:07,55.1667,124.7167,-26.68,90,30,2.98
83,Amapa,BR,2021-12-22 06:34:14,1.0,-52.0,71.62,99,54,1.5
84,Fortuna,US,2021-12-22 06:34:14,40.5982,-124.1573,50.94,94,90,5.99
85,Tianpeng,CN,2021-12-22 06:34:14,30.9866,103.9393,52.27,51,52,3.69
86,Oranjemund,NA,2021-12-22 06:34:15,-28.55,16.4333,65.57,71,51,2.59
87,Guayaquil,EC,2021-12-22 06:32:38,-2.1667,-79.9,74.7,80,20,12.66
88,Zyryanka,RU,2021-12-22 06:34:15,65.75,150.85,-44.18,99,42,5.06
89,Sibu,MY,2021-12-22 06:34:16,2.3,111.8167,88.11,74,40,7.0
90,Dhandhuka,IN,2021-12-22 06:34:17,22.3667,71.9833,79.97,16,5,0.94
91,Kinablangan,PH,2021-12-22 06:34:17,7.6947,126.5503,79.45,85,100,3.38
92,Lagoa,PT,2021-12-22 06:34:17,39.05,-27.9833,56.52,65,99,40.0
93,Berwick,US,2021-12-22 06:34:18,41.0545,-76.2333,38.25,83,88,1.92
94,Manicore,BR,2021-12-22 06:34:19,-5.8092,-61.3003,74.28,97,100,2.21
95,Barrow,US,2021-12-22 06:30:02,71.2906,-156.7887,1.42,71,90,21.85
96,Laurel,US,2021-12-22 06:32:28,39.0993,-76.8483,38.82,94,90,3.0
97,Illapel,CL,2021-12-22 06:31:05,-31.6308,-71.1653,64.78,75,45,3.38
98,Lorengau,PG,2021-12-22 06:34:19,-2.0226,147.2712,83.97,75,100,6.87
99,Saurimo,AO,2021-12-22 06:34:20,-9.6608,20.3916,67.1,96,100,4.5
100,Hobart,AU,2021-12-22 06:30:18,-42.8794,147.3294,67.01,39,0,1.99
101,Salalah,OM,2021-12-22 06:34:11,17.0151,54.0924,78.89,61,20,4.61
102,Lasa,IT,2021-12-22 06:29:44,46.6166,10.7002,25.68,41,1,4.74
103,Mar Del Plata,AR,2021-12-22 06:34:21,-38.0023,-57.5575,67.08,95,4,1.99
104,Naze,JP,2021-12-22 06:29:37,28.3667,129.4833,61.72,88,100,8.28
105,Constitucion,CL,2021-12-22 06:34:21,-35.3333,-72.4167,59.86,58,0,5.95
106,Bonthe,SL,2021-12-22 06:34:22,7.5264,-12.505,73.42,89,17,4.9
107,Ribeira Grande,PT,2021-12-22 06:34:22,38.5167,-28.7,58.68,63,100,37.71
108,Upernavik,GL,2021-12-22 06:34:23,72.7868,-56.1549,25.03,60,40,7.83
109,Huilong,CN,2021-12-22 06:34:23,31.8111,121.655,58.98,58,0,8.21
110,Torbay,CA,2021-12-22 06:30:09,47.6666,-52.7314,29.57,80,75,26.46
111,Pangnirtung,CA,2021-12-22 06:34:24,66.1451,-65.7125,21.61,78,77,12.41
112,Hobyo,SO,2021-12-22 06:34:24,5.3505,48.5268,83.05,62,86,18.54
113,Arlit,NE,2021-12-22 06:34:25,18.7369,7.3853,61.48,22,62,4.27
114,Cape Town,ZA,2021-12-22 06:30:46,-33.9258,18.4232,75.88,67,0,1.99
115,Geraldton,AU,2021-12-22 06:34:25,-28.7667,114.6,79.21,61,1,14.97
116,Goderich,CA,2021-12-22 06:34:26,43.7501,-81.7165,34.92,69,100,21.85
117,Tual,ID,2021-12-22 06:34:26,-5.6667,132.75,80.6,82,100,16.2
118,Kudahuvadhoo,MV,2021-12-22 06:34:27,2.6708,72.8944,83.19,68,95,12.73
119,Bud,US,2021-12-22 06:34:27,39.447,-86.1758,35.69,75,1,12.73
120,Olafsvik,IS,2021-12-22 06:34:28,64.8945,-23.7142,34.54,73,27,15.32
121,Georgetown,MY,2021-12-22 06:31:12,5.4112,100.3354,85.95,78,20,8.05
122,Coolum Beach,AU,2021-12-22 06:34:28,-26.5333,153.1,82.11,72,6,10.09
123,Vung Tau,VN,2021-12-22 06:34:29,10.346,107.0843,80.56,75,92,17.05
124,Talagang,PK,2021-12-22 06:34:29,32.9297,72.4158,63.99,16,5,4.68
125,Nemuro,JP,2021-12-22 06:34:29,43.3236,145.575,32.43,59,0,17.45
126,Egvekinot,RU,2021-12-22 06:34:30,66.3167,-179.1667,-0.11,64,100,9.71
127,El Arenal,MX,2021-12-22 06:34:30,20.7833,-103.7,57.72,35,0,2.21
128,Udomlya,RU,2021-12-22 06:34:31,57.8794,34.9925,-0.87,96,97,4.59
129,Poum,NC,2021-12-22 06:34:31,-20.2333,164.0167,80.1,78,18,8.77
130,Sao Joao Da Barra,BR,2021-12-22 06:29:40,-21.6403,-41.0511,72.73,92,58,9.44
131,Kurkino,RU,2021-12-22 06:34:32,53.4257,38.6582,1.42,92,100,8.55
132,Tuy Hoa,VN,2021-12-22 06:33:55,13.0833,109.3,75.31,85,98,11.72
133,Henties Bay,NA,2021-12-22 06:29:36,-22.116,14.2845,64.85,82,0,4.61
134,Zirandaro,MX,2021-12-22 06:34:33,18.45,-100.9833,73.92,70,7,2.64
135,Half Moon Bay,US,2021-12-22 06:34:33,37.4636,-122.4286,52.86,94,90,4.61
136,Tuatapere,NZ,2021-12-22 06:34:34,-46.1333,167.6833,60.82,83,88,8.77
137,Assiniboia,CA,2021-12-22 06:34:35,49.6334,-105.9845,21.02,73,95,3.44
138,Utena,LT,2021-12-22 06:34:36,55.5,25.6,13.95,95,70,7.92
139,Beringovskiy,RU,2021-12-22 06:34:36,63.05,179.3167,1.62,99,100,16.75
140,Rio Grande,BR,2021-12-22 06:34:36,-32.035,-52.0986,65.95,81,0,8.9
141,Yumen,CN,2021-12-22 06:34:37,40.2833,97.2,36.41,21,29,8.75
142,Kikwit,CD,2021-12-22 06:34:37,-5.041,18.8162,75.4,88,100,2.93
143,Yatou,CN,2021-12-22 06:34:38,37.15,122.3833,42.15,59,3,3.85
144,Luderitz,NA,2021-12-22 06:34:38,-26.6481,15.1594,65.01,66,0,2.39
145,Necochea,AR,2021-12-22 06:29:43,-38.5473,-58.7368,65.03,82,2,9.75
146,Eyl,SO,2021-12-22 06:34:39,7.9803,49.8164,83.68,53,85,17.0
147,Marsa Matruh,EG,2021-12-22 06:34:39,31.3525,27.2453,57.78,74,26,13.44
148,Port Hardy,CA,2021-12-22 06:30:09,50.6996,-127.4199,39.2,100,90,23.02
149,Butaritari,KI,2021-12-22 06:34:40,3.0707,172.7902,81.81,68,100,1.68
150,Ilulissat,GL,2021-12-22 06:34:40,69.2167,-51.1,37.42,35,20,28.77
151,Lormont,FR,2021-12-22 06:34:41,44.875,-0.5178,38.37,100,45,5.75
152,Thompson,CA,2021-12-22 06:29:41,55.7435,-97.8558,-20.04,69,90,3.44
153,Rudnichnyy,RU,2021-12-22 06:34:42,59.617,52.4703,-3.24,98,79,5.06
154,Harper,LR,2021-12-22 06:34:42,4.375,-7.7169,77.7,85,100,3.2
155,Uberlandia,BR,2021-12-22 06:29:46,-18.9186,-48.2772,70.81,78,0,5.75
156,Dingle,PH,2021-12-22 06:34:43,10.9995,122.6711,83.89,73,100,9.53
157,Dawlatabad,AF,2021-12-22 06:34:43,36.4141,64.9053,61.02,66,96,1.03
158,Nabire,ID,2021-12-22 06:34:44,-3.3667,135.4833,81.01,85,99,3.51
159,Srivardhan,IN,2021-12-22 06:34:44,18.0333,73.0167,81.18,48,0,5.64
160,Verkhniy Rohachyk,UA,2021-12-22 06:34:45,47.2505,34.338,18.9,67,73,13.56
161,Palauig,PH,2021-12-22 06:34:45,15.435,119.9045,83.05,78,100,11.43
162,Burnie,AU,2021-12-22 06:34:46,-41.0667,145.9167,67.91,40,100,11.48
163,Pangkalanbuun,ID,2021-12-22 06:34:46,-2.6833,111.6167,86.14,70,100,3.49
164,Zapolyarnyy,RU,2021-12-22 06:34:46,69.4154,30.8136,16.88,89,100,8.16
165,Bara,NG,2021-12-22 06:31:00,10.3744,10.7288,67.14,33,37,10.63
166,Quelimane,MZ,2021-12-22 06:34:47,-17.8786,36.8883,80.55,78,40,2.3
167,Hasaki,JP,2021-12-22 06:34:48,35.7333,140.8333,55.29,44,94,11.45
168,Norman Wells,CA,2021-12-22 06:34:48,65.282,-126.8329,-0.36,78,20,5.75
169,Victoria,HK,2021-12-22 06:34:22,22.2855,114.1577,76.17,77,38,1.01
170,Kosonsoy,UZ,2021-12-22 06:34:49,41.2561,71.5508,34.36,26,100,1.45
171,Lamar,US,2021-12-22 06:34:49,33.6668,-95.5836,44.53,87,1,0.0
172,Provideniya,RU,2021-12-22 06:34:50,64.3833,-173.3,6.42,78,100,16.33
173,Slave Lake,CA,2021-12-22 06:30:01,55.2834,-114.769,19.38,100,90,2.3
174,Amos,CA,2021-12-22 06:34:10,48.5669,-78.1162,12.18,93,100,9.35
175,Chapais,CA,2021-12-22 06:32:16,49.7834,-74.8492,4.78,91,100,10.22
176,Banjar,ID,2021-12-22 06:34:50,-8.19,114.9675,87.66,63,100,4.29
177,Bani,DO,2021-12-22 06:34:51,18.2833,-70.3333,72.75,88,13,5.61
178,Vestmannaeyjar,IS,2021-12-22 06:34:51,63.4427,-20.2734,39.02,79,68,19.46
179,Ketchikan,US,2021-12-22 06:34:52,55.3422,-131.6461,34.27,93,90,4.61
180,Rena,NO,2021-12-22 06:34:52,61.1348,11.3641,18.93,98,99,1.43
181,Namibe,AO,2021-12-22 06:34:53,-15.1961,12.1522,72.07,64,32,7.94
182,Contratacion,CO,2021-12-22 06:34:53,6.2901,-73.4735,57.38,98,100,1.7
183,Grande Prairie,CA,2021-12-22 06:30:59,55.1667,-118.8027,19.58,93,90,4.61
184,Comodoro Rivadavia,AR,2021-12-22 06:34:54,-45.8667,-67.5,76.86,20,0,10.36
185,Fredericksburg,US,2021-12-22 06:30:30,38.3032,-77.4605,39.18,87,90,3.44
186,Riyadh,SA,2021-12-22 06:33:45,24.6877,46.7219,55.54,25,54,9.55
187,Kavieng,PG,2021-12-22 06:34:55,-2.5744,150.7967,84.49,72,59,8.32
188,Las Vegas,US,2021-12-22 06:30:04,36.175,-115.1372,46.69,55,1,3.44
189,Veraval,IN,2021-12-22 06:34:56,20.9,70.3667,78.85,26,6,1.32
190,Merauke,ID,2021-12-22 06:34:56,-8.4667,140.3333,84.49,70,100,6.6
191,Lebu,CL,2021-12-22 06:30:57,-37.6167,-73.65,53.65,93,5,15.5
192,Aginskoye,RU,2021-12-22 06:34:57,51.1,114.53,-5.66,82,12,5.01
193,Severo-Yeniseyskiy,RU,2021-12-22 06:34:57,60.3725,93.0408,-10.46,89,69,2.59
194,Pali,IN,2021-12-22 06:34:57,25.7667,73.3333,76.91,12,0,2.51
195,Nikolskoye,RU,2021-12-22 06:34:58,59.7035,30.7861,13.01,96,99,7.07
196,Alofi,NU,2021-12-22 06:34:58,-19.0595,-169.9187,78.69,83,95,8.05
197,Bambous Virieux,MU,2021-12-22 06:34:59,-20.3428,57.7575,81.21,74,75,16.11
198,Mount Isa,AU,2021-12-22 06:31:04,-20.7333,139.5,98.37,25,75,19.57
199,Wajima,JP,2021-12-22 06:34:59,37.4,136.9,39.88,56,20,5.75
200,Okhotsk,RU,2021-12-22 06:35:00,59.3833,143.3,1.76,74,100,18.95
201,Sisian,AM,2021-12-22 06:35:00,39.5256,46.0251,28.76,72,56,14.99
202,Souillac,MU,2021-12-22 06:35:01,-20.5167,57.5167,81.36,74,75,16.11
203,Huarmey,PE,2021-12-22 06:35:01,-10.0681,-78.1522,67.23,88,0,6.15
204,Ingham,US,2021-12-22 06:35:01,42.6,-84.3833,31.75,70,90,19.57
205,Sobolevo,RU,2021-12-22 06:35:02,54.4299,31.8996,9.27,92,98,9.28
206,Mitu,CO,2021-12-22 06:35:02,1.1983,-70.1733,72.05,99,100,1.41
207,Bandarbeyla,SO,2021-12-22 06:32:17,9.4942,50.8122,80.83,61,73,14.61
208,Nelson Bay,AU,2021-12-22 06:34:54,-32.7167,152.15,78.1,80,100,1.99
209,Santander Jimenez,MX,2021-12-22 06:35:03,24.2167,-98.4667,56.66,84,0,3.31
210,Baykit,RU,2021-12-22 06:32:22,61.67,96.37,-13.79,96,100,2.01
211,Umea,SE,2021-12-22 06:35:04,63.8284,20.2597,4.93,92,90,5.75
212,Gilgit,PK,2021-12-22 06:35:04,35.9221,74.3087,39.45,39,98,2.04
213,Jalapa,MX,2021-12-22 06:30:52,19.5333,-96.9167,55.98,96,100,1.66
214,Cidreira,BR,2021-12-22 06:35:05,-30.1811,-50.2056,70.48,94,9,6.55
215,Sinegorye,RU,2021-12-22 06:35:05,62.0788,150.477,-26.21,94,100,0.83
216,Wamba,NG,2021-12-22 06:35:06,8.9333,8.6,75.02,30,19,3.27
217,Broome,US,2021-12-22 06:35:06,42.2506,-75.833,33.01,79,1,4.0
218,Wanning,CN,2021-12-22 06:35:07,18.8003,110.3967,73.47,71,73,9.1
219,Maoming,CN,2021-12-22 06:35:07,21.65,110.9,72.37,67,100,2.24
220,Kapoeta,SS,2021-12-22 06:35:07,4.7717,33.5903,86.45,42,10,16.78
221,Mizan Teferi,ET,2021-12-22 06:35:08,6.9833,35.5833,74.28,65,21,0.65
222,Bilma,NE,2021-12-22 06:35:08,18.6853,12.9164,56.77,24,1,8.5
223,Guerrero Negro,MX,2021-12-22 06:34:02,27.9769,-114.0611,61.41,66,95,9.53
224,Heswall,GB,2021-12-22 06:35:09,53.3273,-3.0965,38.08,86,0,5.99
225,Tuktoyaktuk,CA,2021-12-22 06:35:09,69.4541,-133.0374,-9.4,77,75,13.8
226,Cayenne,GF,2021-12-22 06:35:10,4.9333,-52.3333,77.09,92,75,7.0
227,Tautira,PF,2021-12-22 06:35:10,-17.7333,-149.15,75.22,78,100,14.81
228,Manokwari,ID,2021-12-22 06:35:11,-0.8667,134.0833,82.4,79,100,11.45
229,Qaqortoq,GL,2021-12-22 06:35:11,60.7167,-46.0333,45.1,69,100,9.69
230,Pereleshinskiy,RU,2021-12-22 06:35:12,51.7148,40.1953,-2.29,83,100,8.32
231,Avera,US,2021-12-22 06:35:12,33.194,-82.5271,42.75,89,100,6.85
232,Pacific Grove,US,2021-12-22 06:35:13,36.6177,-121.9166,54.66,79,100,3.0
233,Ngunguru,NZ,2021-12-22 06:35:13,-35.6167,174.5,71.17,71,100,8.68
234,Lavrentiya,RU,2021-12-22 06:35:13,65.5833,-171.0,4.21,74,100,6.33
235,Richards Bay,ZA,2021-12-22 06:34:45,-28.783,32.0377,79.27,67,100,11.3
236,Flinders,AU,2021-12-22 06:35:14,-34.5833,150.8552,75.2,74,100,9.89
237,Iqaluit,CA,2021-12-22 06:35:15,63.7506,-68.5145,11.93,85,90,4.0
238,Hithadhoo,MV,2021-12-22 06:35:15,-0.6,73.0833,81.84,69,88,1.16
239,Sechura,PE,2021-12-22 06:35:15,-5.5569,-80.8222,68.02,83,96,8.05
240,Rochegda,RU,2021-12-22 06:35:16,62.8,43.25,-1.5,96,98,5.35
241,Tallahassee,US,2021-12-22 06:32:02,30.4383,-84.2807,46.85,96,90,1.99
242,Gushikawa,JP,2021-12-22 06:35:17,26.3544,127.8686,69.8,94,90,9.22
243,Murray Bridge,AU,2021-12-22 06:35:17,-35.1167,139.2667,87.31,54,0,17.07
244,Saint George,US,2021-12-22 06:31:05,37.1041,-113.5841,34.39,80,1,3.44
245,Saskylakh,RU,2021-12-22 06:35:18,71.9167,114.0833,-26.23,100,84,4.14
246,Carauari,BR,2021-12-22 06:35:18,-4.8828,-66.8958,73.17,99,100,0.83
247,Muswellbrook,AU,2021-12-22 06:35:19,-32.2667,150.9,77.25,86,100,8.79
248,Faanui,PF,2021-12-22 06:35:19,-16.4833,-151.75,81.0,73,100,13.89
249,Takoradi,GH,2021-12-22 06:35:20,4.8845,-1.7554,77.2,60,28,4.81
250,Buin,CL,2021-12-22 06:35:20,-33.7333,-70.75,74.73,48,3,3.33
251,Muros,ES,2021-12-22 06:35:20,42.7762,-9.0603,60.1,83,27,19.73
252,Lompoc,US,2021-12-22 06:35:21,34.6391,-120.4579,56.79,88,1,5.75
253,Esperance,AU,2021-12-22 06:34:41,-33.8667,121.9,78.64,66,0,20.47
254,Irtyshskiy,RU,2021-12-22 06:35:21,58.3333,68.1333,28.02,90,100,14.41
255,Rocha,UY,2021-12-22 06:35:22,-34.4833,-54.3333,59.81,95,8,3.42
256,Mikun,RU,2021-12-22 06:35:22,62.3547,50.0771,1.11,96,100,5.26
257,Jos,NG,2021-12-22 06:35:23,9.9167,8.9,60.33,36,4,8.48
258,Teknaf,BD,2021-12-22 06:35:23,20.8624,92.3058,73.31,51,0,7.05
259,Warman,CA,2021-12-22 06:35:24,52.3168,-106.5679,6.71,77,75,4.61
260,Vila Franca Do Campo,PT,2021-12-22 06:35:24,37.7167,-25.4333,61.21,71,70,20.18
261,Port Pirie,AU,2021-12-22 06:35:25,-33.1833,138.0167,78.89,51,0,17.92
262,Dukat,RU,2021-12-22 06:32:12,62.55,155.55,-24.61,94,89,6.96
263,Pirot,RS,2021-12-22 06:35:25,43.1531,22.5861,17.33,85,86,1.43
264,Bathsheba,BB,2021-12-22 06:35:26,13.2167,-59.5167,79.41,78,40,21.85
265,Tarabuco,BO,2021-12-22 06:35:26,-19.1667,-64.9167,49.24,89,100,2.35
266,Neryungri,RU,2021-12-22 06:35:27,56.6709,124.6491,-31.67,95,100,6.93
267,Gonaives,HT,2021-12-22 06:35:27,19.45,-72.6833,72.59,88,44,2.89
268,Sao Felix Do Xingu,BR,2021-12-22 06:35:27,-6.6447,-51.995,71.6,99,100,1.01
269,Pringsewu,ID,2021-12-22 06:35:28,-5.3582,104.9744,83.77,75,59,2.89
270,Sayat,TM,2021-12-22 06:35:28,38.7839,63.8803,57.07,43,87,2.15
271,Waingapu,ID,2021-12-22 06:35:29,-9.6567,120.2641,89.44,63,100,7.16
272,Saint-Gaudens,FR,2021-12-22 06:35:29,43.0833,0.6667,40.73,68,6,5.64
273,Katsuura,JP,2021-12-22 06:35:29,35.1333,140.3,55.18,47,99,9.84
274,Isla Vista,US,2021-12-22 06:35:30,34.4133,-119.861,61.34,58,1,0.0
275,Togur,RU,2021-12-22 06:35:30,58.3631,82.8265,7.72,95,97,8.52
276,San Carlos,VE,2021-12-22 06:35:30,9.6612,-68.5827,74.97,78,90,3.31
277,Saint-Philippe,RE,2021-12-22 06:35:31,-21.3585,55.7679,83.79,89,100,17.27
278,Kaitangata,NZ,2021-12-22 06:35:31,-46.2817,169.8464,58.41,76,100,6.55
279,Melfi,IT,2021-12-22 06:35:32,40.9965,15.6514,38.41,80,99,1.79
280,Hilton Head Island,US,2021-12-22 06:35:32,32.2163,-80.7526,45.0,93,90,8.05
281,Patacamaya,BO,2021-12-22 06:35:33,-17.2333,-67.9167,44.91,89,100,3.6
282,Ayr,GB,2021-12-22 06:35:33,55.4627,-4.6339,36.5,89,100,4.56
283,Centralia,US,2021-12-22 06:35:34,46.7162,-122.9543,44.69,87,90,6.91
284,Ancud,CL,2021-12-22 06:35:34,-41.8697,-73.8203,53.13,93,4,2.77
285,Kuala Terengganu,MY,2021-12-22 06:35:34,5.3302,103.1408,82.35,83,20,3.44
286,Meulaboh,ID,2021-12-22 06:35:35,4.1363,96.1285,84.81,65,73,5.21
287,Marystown,CA,2021-12-22 06:31:22,47.1666,-55.1483,33.85,100,74,3.0
288,Ponta Do Sol,PT,2021-12-22 06:35:35,32.6667,-17.1,68.0,91,100,10.22
289,Porto Novo,BJ,2021-12-22 06:35:36,6.4965,2.6036,73.22,39,20,5.08
290,Coihueco,CL,2021-12-22 06:31:19,-36.6167,-71.8333,56.07,41,0,2.84
291,Mnogovershinnyy,RU,2021-12-22 06:35:37,53.9353,139.9242,-12.01,94,100,4.41
292,East Brainerd,US,2021-12-22 06:35:37,34.9959,-85.1502,41.05,89,20,0.0
293,Puchov,SK,2021-12-22 06:35:38,49.1249,18.326,28.09,95,46,4.0
294,Thinadhoo,MV,2021-12-22 06:34:51,0.5333,72.9333,81.05,73,100,1.32
295,La Ronge,CA,2021-12-22 06:35:38,55.1001,-105.2842,-15.03,100,100,3.69
296,Whitianga,NZ,2021-12-22 06:35:39,-36.8333,175.7,70.02,67,100,6.11
297,Iquitos,PE,2021-12-22 06:35:39,-3.7481,-73.2472,77.04,94,75,2.3
298,Luoyang,CN,2021-12-22 06:35:39,34.6836,112.4536,56.43,23,0,6.06
299,Timmins,CA,2021-12-22 06:35:40,48.4669,-81.3331,6.62,85,90,9.22
300,Puerto Carreno,CO,2021-12-22 06:35:40,6.189,-67.4859,76.55,82,100,5.46
301,Khani,GE,2021-12-22 06:35:41,41.9563,42.9566,24.37,99,100,4.72
302,Kisaran,ID,2021-12-22 06:35:41,2.9845,99.6158,84.72,72,93,6.98
303,Poronaysk,RU,2021-12-22 06:35:42,49.2167,143.1167,12.31,86,100,15.73
304,Srednekolymsk,RU,2021-12-22 06:35:42,67.45,153.6833,-38.85,100,51,5.01
305,Grindavik,IS,2021-12-22 06:35:42,63.8424,-22.4338,39.67,81,75,10.36
306,Najran,SA,2021-12-22 06:35:43,17.4924,44.1277,68.65,21,5,3.69
307,Reconquista,AR,2021-12-22 06:35:35,-29.15,-59.65,77.2,52,76,6.04
308,Bellevue,US,2021-12-22 06:31:18,47.6104,-122.2007,45.37,93,90,3.0
309,Airai,TL,2021-12-22 06:35:44,-8.9266,125.4092,64.0,92,100,1.66
310,Ust-Maya,RU,2021-12-22 06:35:44,60.4167,134.5333,-47.63,100,82,1.19
311,Langxiang,CN,2021-12-22 06:35:44,46.95,128.8833,-2.69,79,76,3.38
312,Mumbwa,ZM,2021-12-22 06:35:45,-14.9783,27.0619,69.4,88,100,6.91
313,Bengkulu,ID,2021-12-22 06:35:45,-3.8004,102.2655,84.34,68,14,9.75
314,Vacaria,BR,2021-12-22 06:35:46,-28.5122,-50.9339,60.71,90,53,3.02
315,Waddan,LY,2021-12-22 06:35:46,29.1614,16.139,51.71,35,0,2.93
316,Hun,LY,2021-12-22 06:35:47,29.1268,15.9477,51.84,35,0,2.48
317,The Pas,CA,2021-12-22 06:35:47,53.8251,-101.2541,-14.78,76,1,2.3
318,Pomichna,UA,2021-12-22 06:35:48,48.2422,31.4158,19.15,87,98,14.05
319,Nuuk,GL,2021-12-22 06:32:50,64.1835,-51.7216,36.21,87,75,8.05
320,Saint-Francois,FR,2021-12-22 06:35:48,46.4154,3.9054,28.47,100,90,5.75
321,Port Macquarie,AU,2021-12-22 06:35:49,-31.4333,152.9167,75.16,88,75,4.61
322,Sergeyevka,KZ,2021-12-22 06:35:49,53.88,67.4158,32.4,86,100,13.87
323,Madang,PG,2021-12-22 06:35:50,-5.2246,145.7966,82.26,83,100,1.72
324,Ilhabela,BR,2021-12-22 06:35:50,-23.7781,-45.3581,73.15,87,8,4.45
325,Baiyin,CN,2021-12-22 06:35:51,36.5583,104.2081,40.08,18,6,4.41
326,Cherskiy,RU,2021-12-22 06:35:51,68.75,161.3,-26.77,100,100,5.97
327,Dindori,IN,2021-12-22 06:35:51,22.95,81.0833,73.98,16,0,6.71
328,Marzuq,YE,2021-12-22 06:35:52,14.4,46.4667,75.49,27,6,5.66
329,Beisfjord,NO,2021-12-22 06:35:53,68.3751,17.5988,19.26,54,13,5.37
330,Mehamn,NO,2021-12-22 06:35:54,71.0357,27.8492,30.11,94,100,27.92
331,Urumqi,CN,2021-12-22 06:35:54,43.801,87.6005,14.95,79,1,2.24
332,Pemangkat,ID,2021-12-22 06:35:54,1.1667,108.9667,83.79,73,62,8.52
333,Cururupu,BR,2021-12-22 06:35:55,-1.8283,-44.8683,78.96,80,100,5.68
334,Dudinka,RU,2021-12-22 06:32:13,69.4058,86.1778,-0.38,82,100,19.08
335,Alta,NO,2021-12-22 06:35:55,69.9689,23.2717,2.44,85,0,4.61
336,Shumikha,RU,2021-12-22 06:35:56,55.2261,63.2961,31.66,99,100,5.28
337,Oliveira Dos Brejinhos,BR,2021-12-22 06:35:56,-12.3169,-42.8961,67.87,98,100,1.9
338,Lishu,CN,2021-12-22 06:35:57,43.3047,124.3278,12.49,34,61,8.37
339,Kismayo,SO,2021-12-22 06:35:57,-0.3582,42.5454,84.76,68,27,14.81
340,Valdivia,CL,2021-12-22 06:35:58,-39.8142,-73.2459,49.59,90,0,3.31
341,Suntar,RU,2021-12-22 06:35:58,62.1444,117.6319,-41.94,99,51,2.68
342,Hualmay,PE,2021-12-22 06:35:59,-11.0964,-77.6139,66.76,86,49,7.02
343,Luganville,VU,2021-12-22 06:35:59,-15.5333,167.1667,81.23,81,66,3.33
344,Korcula,HR,2021-12-22 06:35:59,42.9622,17.1369,32.56,44,4,8.43
345,Fort Nelson,CA,2021-12-22 06:36:00,58.8053,-122.7002,-0.81,85,75,3.44
346,Araguaina,BR,2021-12-22 06:36:00,-7.1911,-48.2072,73.13,94,99,2.84
347,Lac Du Bonnet,CA,2021-12-22 06:36:01,50.2536,-96.0612,-2.54,99,80,4.05
348,Jinka,ET,2021-12-22 06:36:02,5.65,36.65,78.03,41,54,3.47
349,Kampene,CD,2021-12-22 06:36:02,-3.6,26.6667,72.28,96,100,1.25
350,Tezu,IN,2021-12-22 06:36:03,27.9167,96.1667,75.11,27,100,2.66
351,Severo-Kurilsk,RU,2021-12-22 06:36:03,50.6789,156.125,23.83,75,81,21.61
352,San Quintin,MX,2021-12-22 06:36:04,30.4833,-115.95,59.38,71,100,8.97
353,Sitka,US,2021-12-22 06:36:04,57.0531,-135.33,39.09,41,20,16.11
354,Bonnyville,CA,2021-12-22 06:31:40,54.2668,-110.735,18.72,97,100,1.28
355,Ushtobe,KZ,2021-12-22 06:36:05,45.2514,77.9838,41.18,44,100,5.44
356,Ahipara,NZ,2021-12-22 06:36:05,-35.1667,173.1667,65.46,80,100,8.84
357,Leh,IN,2021-12-22 06:36:06,34.1667,77.5833,13.5,62,10,1.97
358,Narsaq,GL,2021-12-22 06:36:06,60.9167,-46.05,44.82,53,100,23.29
359,Simpang,ID,2021-12-22 06:36:07,-1.2667,104.0833,82.89,78,100,4.63
360,Mao,ES,2021-12-22 06:36:07,39.8885,4.2658,48.76,100,20,6.91
361,Dunda,TZ,2021-12-22 06:36:08,-8.1167,34.25,81.36,46,100,3.49
362,Linqiong,CN,2021-12-22 06:36:08,30.4159,103.4609,53.42,51,22,3.91
363,Pisco,PE,2021-12-22 06:36:09,-13.7,-76.2167,64.02,88,20,3.44
364,Manta,EC,2021-12-22 06:36:10,-0.95,-80.7333,73.18,83,75,3.44
365,Iowa City,US,2021-12-22 06:36:10,41.6611,-91.5302,21.49,61,1,13.8
366,Huainan,CN,2021-12-22 06:36:10,32.6264,116.9969,62.64,17,0,3.87
367,Mujiayingzi,CN,2021-12-22 06:36:11,42.1167,118.7833,22.51,49,0,3.83
368,Monte Patria,CL,2021-12-22 06:36:11,-30.6919,-70.9467,65.52,69,8,2.71
369,Roma,US,2021-12-22 06:34:02,43.2128,-75.4557,37.26,86,1,5.75
370,Duartina,BR,2021-12-22 06:36:12,-22.4144,-49.4039,74.05,66,11,4.05
371,Mana,GF,2021-12-22 06:36:13,5.6592,-53.7767,77.09,93,98,10.87
372,Puerto Del Rosario,ES,2021-12-22 06:36:13,28.5004,-13.8627,60.55,82,0,1.14
373,Carnduff,CA,2021-12-22 06:36:14,49.1667,-101.8009,3.38,89,96,6.89
374,Leningradskiy,RU,2021-12-22 06:36:14,69.3833,178.4167,-18.24,88,27,6.87
375,Edd,ER,2021-12-22 06:36:15,13.9297,41.6925,81.43,65,0,8.63
376,Sinnamary,GF,2021-12-22 06:36:15,5.3833,-52.95,78.01,91,99,13.31
377,Kahului,US,2021-12-22 06:36:16,20.8947,-156.47,70.86,85,40,13.8
378,Iisalmi,FI,2021-12-22 06:36:16,63.5592,27.1907,5.02,99,71,3.22
379,Inhambane,MZ,2021-12-22 06:36:17,-23.865,35.3833,80.58,61,40,4.61
380,Manono,CD,2021-12-22 06:36:18,-7.3,27.4167,78.19,78,100,1.32
381,Cap-Aux-Meules,CA,2021-12-22 06:36:18,47.3821,-61.8597,24.82,68,48,12.66
382,Sedhiou,SN,2021-12-22 06:36:19,12.7081,-15.5569,71.73,18,100,7.7
383,Soe,ID,2021-12-22 06:36:19,-9.8607,124.284,75.31,81,100,7.2
384,Halifax,CA,2021-12-22 06:33:25,44.6453,-63.5724,32.05,83,99,1.99
385,Isfana,KG,2021-12-22 06:36:20,39.8386,69.5306,36.16,36,81,3.56
386,Smila,UA,2021-12-22 06:36:21,49.2224,31.8871,15.64,76,13,7.61
387,Varberg,SE,2021-12-22 06:36:21,57.1056,12.2508,31.05,97,100,14.05
388,Quatre Cocos,MU,2021-12-22 06:36:21,-20.2078,57.7625,81.09,81,89,15.41
389,Stendal,DE,2021-12-22 06:36:22,52.6,11.85,30.34,71,34,1.99
390,Blackwater,AU,2021-12-22 06:36:23,-23.5833,148.8833,92.62,27,87,3.74
391,Namatanai,PG,2021-12-22 06:36:23,-3.6667,152.4333,83.91,73,75,1.9
392,Miri,MY,2021-12-22 06:36:23,4.4148,114.0089,84.34,79,40,6.91
393,Mahebourg,MU,2021-12-22 06:36:24,-20.4081,57.7,81.25,74,75,16.11
394,Hirara,JP,2021-12-22 06:36:24,24.8,125.2833,77.27,83,40,12.66
395,Sokoto,NG,2021-12-22 06:33:45,13.0609,5.239,64.62,22,5,13.06
396,Cockburn Town,TC,2021-12-22 06:36:25,21.4612,-71.1419,78.82,68,100,15.28
397,Vao,NC,2021-12-22 06:36:25,-22.6667,167.4833,76.69,76,61,16.53
398,Chantada,ES,2021-12-22 06:36:26,42.6088,-7.7712,54.41,88,99,5.7
399,Muisne,EC,2021-12-22 06:36:26,0.6,-80.0333,74.03,88,100,8.25
400,Hami,CN,2021-12-22 06:36:27,42.8,93.45,32.76,37,3,2.82
401,Khandyga,RU,2021-12-22 06:36:27,62.6667,135.6,-49.88,100,77,0.83
402,Nouadhibou,MR,2021-12-22 06:36:28,20.931,-17.0347,64.38,68,98,11.5
403,Takaka,NZ,2021-12-22 06:36:28,-40.85,172.8,73.38,68,2,10.02
404,Shirokiy,RU,2021-12-22 06:36:29,49.758,129.523,-23.55,95,12,5.21
405,Warri,NG,2021-12-22 06:36:29,5.5167,5.75,77.81,62,100,2.51
406,Darhan,MN,2021-12-22 06:36:30,49.4867,105.9228,6.46,90,83,4.27
407,Goundam,ML,2021-12-22 06:36:30,16.4145,-3.6708,67.86,14,100,7.52
408,Condoto,CO,2021-12-22 06:36:31,5.0935,-76.6497,71.67,99,100,1.45
409,Padang,ID,2021-12-22 06:36:31,-0.9492,100.3543,80.65,76,26,6.67
410,Nisia Floresta,BR,2021-12-22 06:36:31,-6.0911,-35.2086,79.18,88,96,4.23
411,Pozhva,RU,2021-12-22 06:36:32,59.0912,56.0847,9.79,97,94,3.87
412,Port-Gentil,GA,2021-12-22 06:36:32,-0.7193,8.7815,78.76,94,40,3.44
413,Pasighat,IN,2021-12-22 06:36:33,28.0667,95.3333,74.37,29,96,3.83
414,Ranot,TH,2021-12-22 06:36:33,7.7777,100.3213,81.05,75,74,7.65
415,Quesnel,CA,2021-12-22 06:36:34,52.9999,-122.5029,16.3,92,90,2.3
416,Oktyabrskiy,RU,2021-12-22 06:36:34,54.4815,53.471,2.14,96,49,4.97
417,Antalaha,MG,2021-12-22 06:36:35,-14.9003,50.2788,85.1,65,4,5.88
418,Ankazoabo,MG,2021-12-22 06:36:35,-22.2833,44.5167,86.05,42,98,10.92
419,Gat,IL,2021-12-22 06:35:07,31.61,34.7642,56.79,100,58,14.16
420,Santa Isabel Do Rio Negro,BR,2021-12-22 06:36:36,-0.4139,-65.0192,74.53,92,100,0.85
421,Kamaishi,JP,2021-12-22 06:36:37,39.2667,141.8833,34.75,61,22,13.71
422,Cam Ranh,VN,2021-12-22 06:36:37,11.9214,109.1591,80.56,65,40,14.97
423,San Luis,AR,2021-12-22 06:34:36,-33.295,-66.3356,70.07,56,28,14.07
424,Union City,US,2021-12-22 06:33:29,37.5958,-122.0192,52.16,90,90,1.01
425,Springdale,US,2021-12-22 06:36:38,36.1867,-94.1288,39.04,93,1,0.0
426,Haines Junction,CA,2021-12-22 06:36:38,60.7522,-137.5108,1.35,92,5,3.44
427,Taperoa,BR,2021-12-22 06:36:39,-7.2075,-36.8267,71.06,81,98,4.45
428,Lespezi,RO,2021-12-22 06:36:39,47.3667,26.7,21.27,68,2,4.18
429,The Valley,AI,2021-12-22 06:36:38,18.217,-63.0578,78.66,69,0,18.1
430,Samarai,PG,2021-12-22 06:36:40,-10.6167,150.6667,84.25,71,83,7.76
431,Aktash,RU,2021-12-22 06:36:40,50.3,87.7333,9.48,82,11,5.5
432,Dasoguz,TM,2021-12-22 06:33:55,41.8363,59.9666,46.51,100,90,11.5
433,Kuching,MY,2021-12-22 06:36:41,1.55,110.3333,89.82,62,40,8.05
434,Saint-Pierre,RE,2021-12-22 06:36:41,-21.3393,55.4781,83.88,67,75,9.22
435,Hofn,IS,2021-12-22 06:36:42,64.2539,-15.2082,30.4,64,61,9.1
436,Kipini,KE,2021-12-22 06:36:42,-2.5257,40.5262,82.69,74,91,3.09
437,Christchurch,NZ,2021-12-22 06:35:05,-43.5333,172.6333,82.6,26,10,9.22
438,Tura,IN,2021-12-22 06:36:43,25.5198,90.2201,67.23,57,97,2.8
439,Arti,RU,2021-12-22 06:36:43,56.4234,58.5328,19.13,95,100,7.47
440,Aragarcas,BR,2021-12-22 06:36:44,-15.8975,-52.2508,72.7,98,100,1.23
441,Tripoli,LY,2021-12-22 06:36:44,32.8752,13.1875,54.99,47,5,7.07
442,Maralal,KE,2021-12-22 06:36:44,1.0968,36.698,67.46,65,99,9.91
443,Gravdal,NO,2021-12-22 06:36:45,68.1214,13.5031,20.88,93,0,4.61
444,Morelos,MX,2021-12-22 06:31:55,18.75,-99.0,59.63,55,96,2.39
445,Ambovombe,MG,2021-12-22 06:36:45,-25.1667,46.0833,84.99,56,91,6.93
446,Vicosa Do Ceara,BR,2021-12-22 06:36:46,-3.5622,-41.0922,66.69,93,80,4.0
447,Sena Madureira,BR,2021-12-22 06:36:47,-9.0656,-68.6569,72.28,100,100,2.21
448,Jinchang,CN,2021-12-22 06:36:47,38.4953,102.1739,38.46,18,20,3.65
449,Aksu,CN,2021-12-22 06:36:47,41.1231,80.2644,35.15,32,2,1.83
450,High Rock,BS,2021-12-22 06:36:48,26.6208,-78.2833,75.22,76,100,23.04
451,Churapcha,RU,2021-12-22 06:36:49,62.0025,132.4325,-47.4,100,84,1.21
452,Dinar,TR,2021-12-22 06:36:49,38.065,30.1656,22.96,70,5,3.98
453,Port Lincoln,AU,2021-12-22 06:36:49,-34.7333,135.8667,67.03,64,100,12.86
454,Akdagmadeni,TR,2021-12-22 06:36:50,39.6603,35.8836,22.26,61,14,7.78
455,Ossora,RU,2021-12-22 06:36:50,59.2353,163.0719,12.97,93,100,16.55
456,Lima,PE,2021-12-22 06:32:31,-12.0432,-77.0282,65.89,86,90,12.66
457,San Juan,AR,2021-12-22 06:36:51,-31.5375,-68.5364,76.71,62,92,17.05
458,Xichang,CN,2021-12-22 06:36:51,27.8964,102.2634,60.48,46,2,4.47
459,Ostrovnoy,RU,2021-12-22 06:36:52,68.0531,39.5131,27.18,87,100,20.27
460,Tilichiki,RU,2021-12-22 06:36:52,60.4667,166.1,-3.75,97,100,14.29
461,Caravelas,BR,2021-12-22 06:36:53,-17.7125,-39.2481,72.18,97,71,5.14
462,Ampanihy,MG,2021-12-22 06:36:53,-24.7,44.75,90.32,42,100,12.8
463,Ous,RU,2021-12-22 06:36:53,60.9058,61.5186,-4.77,96,100,7.54
464,Carhuamayo,PE,2021-12-22 06:36:54,-10.9167,-76.0333,34.72,89,100,3.94
465,Stavern,NO,2021-12-22 06:36:54,59.0,10.0333,33.19,94,100,11.39
466,Abu Samrah,SY,2021-12-22 06:36:55,35.3029,37.1841,50.2,76,40,2.17
467,Buala,SB,2021-12-22 06:36:55,-8.145,159.5921,83.35,81,100,4.32
468,Rocky Mount,US,2021-12-22 06:36:56,35.9382,-77.7905,39.88,93,90,12.66
469,Antofagasta,CL,2021-12-22 06:32:19,-23.65,-70.4,64.02,85,43,2.26
470,Salumbar,IN,2021-12-22 06:36:56,24.1333,74.05,74.68,20,0,4.0
471,Ojinaga,MX,2021-12-22 06:36:57,29.5667,-104.4167,54.55,35,1,5.75
472,Dzaoudzi,YT,2021-12-22 06:36:57,-12.7887,45.2699,87.69,66,0,3.44
473,Nouakchott,MR,2021-12-22 06:36:57,18.0858,-15.9785,66.13,43,100,7.56
474,Marrakesh,MA,2021-12-22 06:32:40,31.6315,-8.0083,57.27,77,75,3.44
475,Tessaoua,NE,2021-12-22 06:36:58,13.7574,7.9874,62.64,19,0,12.12
476,Fukue,JP,2021-12-22 06:36:59,32.6881,128.8419,61.16,41,0,10.36
477,Coahuayana,MX,2021-12-22 06:36:59,18.7333,-103.6833,69.84,84,7,3.51
478,Tula,RU,2021-12-22 06:32:40,54.2044,37.6111,0.91,94,100,7.47
479,Mayo,US,2021-12-22 06:37:00,38.8876,-76.5119,39.31,93,90,1.99
480,Chalchihuites,MX,2021-12-22 06:37:00,23.4833,-103.8833,45.1,22,76,1.12
481,Abu Dhabi,AE,2021-12-22 06:32:43,24.4667,54.3667,73.51,58,0,3.0
482,Czersk,PL,2021-12-22 06:37:01,53.7959,17.9765,20.48,71,87,4.09
483,Shiyan,CN,2021-12-22 06:37:01,32.6475,110.7781,61.88,34,0,3.18
484,Te Anau,NZ,2021-12-22 06:37:01,-45.4167,167.7167,52.79,92,100,6.02
485,Qeshm,IR,2021-12-22 06:37:02,26.9581,56.2719,75.09,56,0,10.92
486,Dunkwa,GH,2021-12-22 06:37:02,5.9656,-1.78,71.64,60,17,2.62
487,Panormos,GR,2021-12-22 06:37:03,35.4182,24.6909,54.12,76,58,7.58
488,San Patricio,US,2021-12-22 06:37:03,28.017,-97.5169,62.44,83,0,6.6
489,Leopoldina,BR,2021-12-22 06:37:04,-21.5319,-42.6431,73.09,98,100,1.68
490,Kirakira,SB,2021-12-22 06:37:04,-10.4544,161.9205,82.58,80,91,4.16
491,Lodja,CD,2021-12-22 06:37:05,-3.4833,23.4333,74.59,93,100,1.3
492,Lata,PT,2021-12-22 06:37:06,40.1629,-8.3327,53.92,93,27,6.78
493,Bodden Town,KY,2021-12-22 06:37:06,19.2833,-81.25,79.99,82,93,7.0
494,Ken Caryl,US,2021-12-22 06:37:07,39.5773,-105.1169,45.77,24,1,1.01
495,Mezen,RU,2021-12-22 06:37:07,65.8522,44.24,-3.3,100,100,3.33
496,Songjianghe,CN,2021-12-22 06:37:08,42.1859,127.479,14.11,55,100,3.18
497,Price,US,2021-12-22 06:33:53,39.5994,-110.8107,27.41,79,1,5.75
498,Zorritos,PE,2021-12-22 06:37:08,-3.6805,-80.6782,71.74,81,50,3.8
499,Yerbogachen,RU,2021-12-22 06:36:08,61.2767,108.0108,-31.74,99,32,2.08
500,Cabedelo,BR,2021-12-22 06:37:09,-6.9811,-34.8339,77.67,81,96,7.63
501,Moree,AU,2021-12-22 06:37:09,-29.4667,149.85,87.3,40,100,10.71
502,Killybegs,IE,2021-12-22 06:37:10,54.6333,-8.45,43.45,87,100,13.96
503,Los Llanos De Aridane,ES,2021-12-22 06:37:10,28.6585,-17.9182,58.75,86,0,8.01
504,Kampot,KH,2021-12-22 06:37:10,10.6167,104.1833,82.45,73,100,0.94
505,Kununurra,AU,2021-12-22 06:35:18,-15.7667,128.7333,98.58,39,40,13.8
506,Nowy Dwor Gdanski,PL,2021-12-22 06:37:11,54.2131,19.1177,27.21,91,100,3.24
507,Oranjestad,AW,2021-12-22 06:37:12,12.524,-70.027,78.91,85,20,4.0
508,Turukhansk,RU,2021-12-22 06:37:12,65.8167,87.9833,-1.73,79,100,13.6
509,Tuensang,IN,2021-12-22 06:37:13,26.2833,94.8333,62.46,60,100,2.17
510,Boa Vista,BR,2021-12-22 06:37:13,2.8197,-60.6733,78.78,78,40,6.91
511,Mantua,IT,2021-12-22 06:37:13,45.1667,10.7833,40.71,90,59,1.39
512,Itoman,JP,2021-12-22 06:37:14,26.1247,127.6694,70.57,94,75,12.66
513,Chara,RU,2021-12-22 06:37:14,56.9064,118.2631,-27.38,94,100,0.76
514,Pinar Del Rio,CU,2021-12-22 06:37:15,22.4175,-83.6981,66.31,85,16,5.95
515,Grand Junction,US,2021-12-22 06:37:15,39.0639,-108.5507,37.2,63,1,4.61
516,Sur,OM,2021-12-22 06:37:16,22.5667,59.5289,81.14,38,42,3.33
517,Taoudenni,ML,2021-12-22 06:34:55,22.6783,-3.9836,66.56,30,100,10.2
518,Lazaro Cardenas,MX,2021-12-22 06:37:17,17.9583,-102.2,74.34,88,72,3.87
519,Zhanaozen,KZ,2021-12-22 06:37:17,43.3,52.8,35.26,98,100,8.03
520,North Bend,US,2021-12-22 06:37:17,43.4065,-124.2243,51.08,100,90,5.75
521,Morant Bay,JM,2021-12-22 06:37:18,17.8815,-76.4093,80.22,83,100,1.3
522,Mercedes,AR,2021-12-22 06:37:18,-34.6515,-59.4307,69.85,82,0,5.19
523,Nador,MA,2021-12-22 06:37:19,35.174,-2.9287,55.65,94,0,0.0
524,Salamiyah,SY,2021-12-22 06:37:19,35.0113,37.0532,51.01,74,93,6.33
525,Elblag,PL,2021-12-22 06:37:20,54.1522,19.4088,27.19,95,99,2.3
526,Ust-Karsk,RU,2021-12-22 06:37:20,52.7011,118.8077,-13.38,87,100,1.72
527,Nanakuli,US,2021-12-22 06:37:21,21.3906,-158.1547,73.35,68,20,6.91
528,Nushki,PK,2021-12-22 06:37:21,29.5542,66.0215,75.78,19,47,9.31
529,Safranbolu,TR,2021-12-22 06:37:22,41.2508,32.6942,26.33,93,100,1.68
530,Joshimath,IN,2021-12-22 06:37:22,30.5667,79.5667,54.73,30,42,4.54
531,Shetpe,KZ,2021-12-22 06:37:22,44.1667,52.1167,34.25,90,100,4.7
532,Ranong,TH,2021-12-22 06:37:23,9.9658,98.6348,85.93,63,57,5.95
533,Thomasville,US,2021-12-22 06:35:18,35.8826,-80.082,41.32,80,99,1.01
534,Verkhniye Kigi,RU,2021-12-22 06:37:24,55.4083,58.6044,21.29,92,100,9.06
535,Nacimiento,CL,2021-12-22 06:37:25,-37.5,-72.6667,55.38,57,0,5.48
536,Salinas,US,2021-12-22 06:37:25,36.6777,-121.6555,54.82,76,90,0.0
537,Seabra,BR,2021-12-22 06:37:25,-12.4186,-41.7703,66.81,98,100,2.64
538,Oksfjord,NO,2021-12-22 06:37:26,70.2396,22.3479,24.98,85,100,5.88
539,Fairbanks,US,2021-12-22 06:35:46,64.8378,-147.7164,13.96,77,1,5.99
540,Charlottesville,US,2021-12-22 06:34:29,38.0293,-78.4767,39.29,77,1,1.99
541,Nantucket,US,2021-12-22 06:36:24,41.2835,-70.0995,46.45,88,100,12.33
542,Saint Anthony,US,2021-12-22 06:37:27,45.0205,-93.218,10.26,76,1,1.01
543,Homer,US,2021-12-22 06:37:27,59.6425,-151.5483,26.47,93,1,4.61
544,Amberley,US,2021-12-22 06:37:28,39.2048,-84.428,37.54,77,1,7.0
545,Hamilton,US,2021-12-22 06:37:19,39.1834,-84.5333,38.25,77,1,4.0
546,Coihaique,CL,2021-12-22 06:37:29,-45.5752,-72.0662,51.75,82,61,1.14
547,Eydhafushi,MV,2021-12-22 06:37:29,5.1033,73.0708,82.02,74,9,10.45
548,Maragogi,BR,2021-12-22 06:37:29,-9.0122,-35.2225,77.25,85,100,7.49
549,Margate,GB,2021-12-22 06:37:30,51.3813,1.3862,38.7,77,100,4.0
550,Sencha,UA,2021-12-22 06:37:30,50.2548,33.346,12.7,86,99,11.23
551,Oistins,BB,2021-12-22 06:37:31,13.0667,-59.5333,78.89,78,40,21.85
552,Dzilam Gonzalez,MX,2021-12-22 06:37:31,21.2833,-88.9333,68.92,65,65,3.76
553,Longyearbyen,SJ,2021-12-22 06:37:32,78.2186,15.6401,15.64,86,20,4.61
554,Xique-Xique,BR,2021-12-22 06:37:32,-10.8218,-42.7263,72.64,90,100,6.87
555,Praia Da Vitoria,PT,2021-12-22 06:37:32,38.7333,-27.0667,55.76,94,20,26.42
556,Kangaatsiaq,GL,2021-12-22 06:37:33,68.3065,-53.4641,26.89,70,41,15.43
557,Arsenyev,RU,2021-12-22 06:37:34,44.1631,133.2733,1.71,81,87,2.17
558,Alyangula,AU,2021-12-22 06:34:52,-13.8483,136.4192,89.47,70,40,4.61
559,Mandalgovi,MN,2021-12-22 06:37:34,45.7625,106.2708,21.83,61,100,5.5
560,Mehran,IR,2021-12-22 06:37:35,33.1222,46.1646,54.88,43,1,1.74
561,Lebedinyy,RU,2021-12-22 06:37:35,58.5167,125.5167,-40.86,100,100,1.36
562,Mogadishu,SO,2021-12-22 06:37:36,2.0371,45.3438,84.07,74,40,18.41
563,Dese,ET,2021-12-22 06:37:36,11.1333,39.6333,59.0,62,100,5.32
564,Zyryanovsk,KZ,2021-12-22 06:37:37,49.7386,84.2719,15.04,91,14,1.03
565,Marquette,US,2021-12-22 06:37:37,46.5333,-87.6335,17.33,88,91,14.0
566,Dosso,NE,2021-12-22 06:37:38,13.049,3.1937,65.26,22,95,11.07
567,Boende,CD,2021-12-22 06:37:38,-0.2167,20.8667,80.56,72,100,0.69
568,Brae,GB,2021-12-22 06:37:38,60.3964,-1.353,40.91,72,100,8.03
569,Vanimo,PG,2021-12-22 06:37:39,-2.6741,141.3028,82.99,83,100,13.35
570,Buraydah,SA,2021-12-22 06:37:39,26.326,43.975,46.85,29,94,6.22
571,Valdez,EC,2021-12-22 06:37:40,1.2492,-78.9831,76.03,86,100,11.39
